Workbook

Sheet Risk Register
A1: YXZ Financial Services Group — Enterprise Cybersecurity GRC Risk Register
A2: Prepared by JHS | Scope: Banking, Fintech & Mobile Money, Project & Shipping (Trade) Finance | Jurisdictions: UK & Africa
A4: Risk ID | B4: Service Line | C4: Jurisdiction(s) | D4: Risk Category | E4: Risk / Threat Description | F4: Root Cause / Vulnerability | G4: Likelihood (1-5) | H4: Impact (1-5) | I4: Inherent Risk Score | J4: Inherent Rating | K4: Key Existing Controls | L4: Control Effectiveness (1-5, 5=Strong) | M4: Residual Likelihood (1-5) | N4: Residual Impact (1-5) | O4: Residual Risk Score | P4: Residual Rating | Q4: Regulatory / Standard Mapping | R4: Risk Owner | S4: Treatment / Mitigation Plan | T4: Target Date | U4: Status
A5: R-001 | B5: General Banking | C5: UK / Africa (multi-country) | D5: Cyber - Fraud | E5: Business Email Compromise (BEC) targeting wire/SWIFT payment approval workflows, leading to fraudulent fund transfers. | F5: Weak email authentication (SPF/DKIM/DMARC gaps); single-approver payment workflows; limited staff phishing resilience. | G5: 4 | H5: 5 | I5: =G5*H5 -> 20 | J5: =IF(I5>=16,"Critical",IF(I5>=10,"High",IF(I5>=5,"Medium","Low"))) -> Critical | K5: Dual-approval on payments above threshold; basic email filtering | L5: 2 | M5: 3 | N5: 5 | O5: =M5*N5 -> 15 | P5: =IF(O5>=16,"Critical",IF(O5>=10,"High",IF(O5>=5,"Medium","Low"))) -> High | Q5: SWIFT CSP; FCA SYSC; CBN Cybersecurity Framework; NIST CSF 2.0 (PR.AC) | R5: CISO / Head of Payments | S5: Enforce DMARC p=reject; implement out-of-band callback verification for payment changes; mandatory phishing simulation program. | T5: Q1 2027 | U5: Open
A6: R-002 | B6: General Banking | C6: UK / Africa (multi-country) | D6: Cyber | E6: Compromise of SWIFT messaging environment or non-conformance with SWIFT Customer Security Programme (CSP) controls. | F6: Incomplete CSP self-attestation; flat network segmentation between SWIFT infrastructure and general corporate network. | G6: 3 | H6: 5 | I6: =G6*H6 -> 15 | J6: =IF(I6>=16,"Critical",IF(I6>=10,"High",IF(I6>=5,"Medium","Low"))) -> High | K6: SWIFT CSP self-attestation submitted; jump-server access to SWIFT Alliance | L6: 2 | M6: 2 | N6: 5 | O6: =M6*N6 -> 10 | P6: =IF(O6>=16,"Critical",IF(O6>=10,"High",IF(O6>=5,"Medium","Low"))) -> High | Q6: SWIFT CSP; ISO/IEC 27001 A.13; CBN/SARB payment system oversight | R6: Head of Payments / CISO | S6: Independent CSP compliance audit; enforce secure-zone segmentation; privileged access management (PAM) for SWIFT operators. | T6: Q4 2026 | U6: Open
A7: R-003 | B7: General Banking | C7: Africa (multi-country) | D7: Cyber - Legacy Tech | E7: Exploitation of vulnerabilities in the Core Banking System (CBS), including unpatched legacy modules at country subsidiaries. | F7: Aging CBS versions; inconsistent patch cadence across subsidiaries; limited vulnerability management maturity. | G7: 4 | H7: 5 | I7: =G7*H7 -> 20 | J7: =IF(I7>=16,"Critical",IF(I7>=10,"High",IF(I7>=5,"Medium","Low"))) -> Critical | K7: Periodic vulnerability scans; vendor patch notifications | L7: 2 | M7: 3 | N7: 4 | O7: =M7*N7 -> 12 | P7: =IF(O7>=16,"Critical",IF(O7>=10,"High",IF(O7>=5,"Medium","Low"))) -> High | Q7: NIST CSF 2.0 (ID.RA, PR.IP); ISO/IEC 27001; CBN/SARB IT risk guidelines | R7: Group Head of IT Infrastructure | S7: Establish group-wide patch SLA; CBS modernization roadmap; compensating WAF/IPS controls at subsidiaries on older releases. | T7: Q2 2027 | U7: Open
A8: R-004 | B8: General Banking | C8: UK / Africa (multi-country) | D8: Insider Threat | E8: Privileged-user abuse or credential misuse within CBS enabling unauthorized transactions or data exfiltration. | F8: Excessive standing privileged access; limited privileged session monitoring; weak segregation of duties (SoD). | G8: 3 | H8: 5 | I8: =G8*H8 -> 15 | J8: =IF(I8>=16,"Critical",IF(I8>=10,"High",IF(I8>=5,"Medium","Low"))) -> High | K8: Role-based access control; quarterly access review | L8: 3 | M8: 2 | N8: 4 | O8: =M8*N8 -> 8 | P8: =IF(O8>=16,"Critical",IF(O8>=10,"High",IF(O8>=5,"Medium","Low"))) -> Medium | Q8: ISO/IEC 27001 A.9; NIST CSF 2.0 (PR.AC-4); PRA SS2/21 operational resilience | R8: Group CISO | S8: Deploy Privileged Access Management (PAM) with session recording; enforce SoD matrix via RACI; real-time UEBA alerting. | T8: Q1 2027 | U8: Open
A9: R-005 | B9: General Banking | C9: UK / Africa (multi-country) | D9: Third-Party / Vendor | E9: Cybersecurity incident at an outsourced IT/managed-service or cloud provider cascading into YXZ's environment. | F9: Limited vendor security due-diligence; no standardized third-party risk assessment across jurisdictions. | G9: 4 | H9: 4 | I9: =G9*H9 -> 16 | J9: =IF(I9>=16,"Critical",IF(I9>=10,"High",IF(I9>=5,"Medium","Low"))) -> Critical | K9: Vendor contracts include general confidentiality clauses | L9: 2 | M9: 3 | N9: 4 | O9: =M9*N9 -> 12 | P9: =IF(O9>=16,"Critical",IF(O9>=10,"High",IF(O9>=5,"Medium","Low"))) -> High | Q9: ISO/IEC 27001 A.15; PRA/FCA outsourcing & third-party risk rules; NIST CSF 2.0 (GV.SC) | R9: Head of Procurement / CISO | S9: Implement Third-Party Risk Management (TPRM) program; require SOC 2/ISO 27001 evidence; contractual right-to-audit clauses. | T9: Q2 2027 | U9: Open
A10: R-006 | B10: General Banking | C10: UK / Africa (multi-country) | D10: Cyber - Ransomware | E10: Ransomware deployment against banking infrastructure disrupting CBS availability and customer-facing channels. | F10: Insufficient network segmentation; backup restoration not regularly tested; endpoint detection gaps at subsidiaries. | G10: 3 | H10: 5 | I10: =G10*H10 -> 15 | J10: =IF(I10>=16,"Critical",IF(I10>=10,"High",IF(I10>=5,"Medium","Low"))) -> High | K10: Nightly backups; signature-based antivirus | L10: 3 | M10: 2 | N10: 4 | O10: =M10*N10 -> 8 | P10: =IF(O10>=16,"Critical",IF(O10>=10,"High",IF(O10>=5,"Medium","Low"))) -> Medium | Q10: NIST CSF 2.0 (RS/RC); ISO/IEC 27001 A.17; CBN Cybersecurity Framework | R10: CISO / Group Head of IT | S10: Deploy EDR/XDR across estate; immutable/offline backup copies; conduct ransomware tabletop and restoration drills. | T10: Q4 2026 | U10: Open
A11: R-007 | B11: General Banking | C11: UK / Africa (multi-country) | D11: Data Privacy | E11: Breach or mishandling of customer PII due to inconsistent Data Protection Impact Assessment (DPIA) practice across dual-jurisdiction data flows. | F11: No harmonized DPIA process across UK GDPR and African data-protection regimes; cross-border data transfer gaps. | G11: 3 | H11: 4 | I11: =G11*H11 -> 12 | J11: =IF(I11>=16,"Critical",IF(I11>=10,"High",IF(I11>=5,"Medium","Low"))) -> High | K11: DPIAs performed ad-hoc for UK operations only | L11: 3 | M11: 2 | N11: 3 | O11: =M11*N11 -> 6 | P11: =IF(O11>=16,"Critical",IF(O11>=10,"High",IF(O11>=5,"Medium","Low"))) -> Medium | Q11: UK GDPR/DPA 2018; NDPR (Nigeria) and other national data-protection laws; ISO/IEC 27701 | R11: Group DPO | S11: Standardize DPIA methodology group-wide; map cross-border data flows; appoint local data-protection leads per jurisdiction. | T11: Q1 2027 | U11: Open
A12: R-008 | B12: General Banking | C12: Africa (multi-country) | D12: AML / CFT | E12: Gaps in transaction-monitoring rules and typology coverage increasing exposure to FATF grey-list / regional mutual evaluation findings. | F12: Static monitoring thresholds; limited integration between CBS and AML platform; under-resourced financial-crime team. | G12: 4 | H12: 5 | I12: =G12*H12 -> 20 | J12: =IF(I12>=16,"Critical",IF(I12>=10,"High",IF(I12>=5,"Medium","Low"))) -> Critical | K12: Transaction monitoring system in place; periodic SAR filing | L12: 3 | M12: 3 | N12: 4 | O12: =M12*N12 -> 12 | P12: =IF(O12>=16,"Critical",IF(O12>=10,"High",IF(O12>=5,"Medium","Low"))) -> High | Q12: FATF Recommendations; GIABA; ESAAMLG; CBN/SARB/BOG AML regulations | R12: Head of Financial Crime / MLRO | S12: Tune monitoring typologies to trade/mobile-money channels; independent AML effectiveness review; increase FinCrime staffing. | T12: Q3 2026 | U12: In Progress
A13: R-009 | B13: Fintech & Mobile Money | C13: Africa (multi-country) | D13: Fraud | E13: SIM-swap fraud enabling account takeover of mobile money wallets and USSD banking sessions. | F13: Reliance on SMS OTP as sole authentication factor; limited MNO coordination on SIM-swap alerts. | G13: 5 | H13: 4 | I13: =G13*H13 -> 20 | J13: =IF(I13>=16,"Critical",IF(I13>=10,"High",IF(I13>=5,"Medium","Low"))) -> Critical | K13: SMS OTP; customer alerts on transactions | L13: 2 | M13: 3 | N13: 4 | O13: =M13*N13 -> 12 | P13: =IF(O13>=16,"Critical",IF(O13>=10,"High",IF(O13>=5,"Medium","Low"))) -> High | Q13: GSMA guidelines; CBN/BOG mobile money regulations; NIST CSF 2.0 (PR.AC) | R13: Head of Mobile Money / CISO | S13: Introduce device-binding and risk-based authentication; real-time MNO SIM-swap notification feed; step-up auth for high-risk transactions. | T13: Q4 2026 | U13: Open
A14: R-010 | B14: Fintech & Mobile Money | C14: Africa (multi-country) | D14: Cyber | E14: USSD channel session hijacking or man-in-the-middle interception due to unencrypted USSD protocol characteristics. | F14: USSD inherently lacks end-to-end encryption; limited session timeout controls; shared agent devices. | G14: 4 | H14: 4 | I14: =G14*H14 -> 16 | J14: =IF(I14>=16,"Critical",IF(I14>=10,"High",IF(I14>=5,"Medium","Low"))) -> Critical | K14: Session timeout after inactivity | L14: 3 | M14: 3 | N14: 3 | O14: =M14*N14 -> 9 | P14: =IF(O14>=16,"Critical",IF(O14>=10,"High",IF(O14>=5,"Medium","Low"))) -> Medium | Q14: GSMA; CBN/BOG mobile money guidelines; ISO/IEC 27001 | R14: Head of Mobile Money | S14: Migrate high-value transactions to app/API channels with encryption; shorten USSD session windows; agent device hardening. | T14: Q2 2027 | U14: Open
A15: R-011 | B15: Fintech & Mobile Money | C15: Africa / UK | D15: Cyber - API Security | E15: Insecure APIs connecting mobile money platform to agent networks, merchants, and banking partners expose data or enable transaction manipulation. | F15: Lack of API gateway with rate-limiting/authentication standards; inconsistent use of mutual TLS across integrations. | G15: 4 | H15: 4 | I15: =G15*H15 -> 16 | J15: =IF(I15>=16,"Critical",IF(I15>=10,"High",IF(I15>=5,"Medium","Low"))) -> Critical | K15: API keys issued per partner | L15: 2 | M15: 3 | N15: 4 | O15: =M15*N15 -> 12 | P15: =IF(O15>=16,"Critical",IF(O15>=10,"High",IF(O15>=5,"Medium","Low"))) -> High | Q15: PCI-DSS; PSD2 (UK); ISO/IEC 27001 A.14; NIST CSF 2.0 (PR.DS) | R15: Head of Engineering / CISO | S15: Deploy API gateway with OAuth2.0/mTLS, throttling and anomaly detection; conduct API penetration testing pre-release. | T15: Q1 2027 | U15: Open
A16: R-012 | B16: Fintech & Mobile Money | C16: Africa (multi-country) | D16: AML / Compliance | E16: Weak agent-network KYC/onboarding controls enabling mule-account creation and layering of illicit funds. | F16: Manual/paper-based agent KYC in some markets; limited agent oversight and audit cadence. | G16: 4 | H16: 4 | I16: =G16*H16 -> 16 | J16: =IF(I16>=16,"Critical",IF(I16>=10,"High",IF(I16>=5,"Medium","Low"))) -> Critical | K16: Agent onboarding checklist; periodic agent audits | L16: 3 | M16: 3 | N16: 3 | O16: =M16*N16 -> 9 | P16: =IF(O16>=16,"Critical",IF(O16>=10,"High",IF(O16>=5,"Medium","Low"))) -> Medium | Q16: FATF; GIABA; ESAAMLG; national mobile money AML directives | R16: Head of Agent Network / MLRO | S16: Digitize agent KYC with biometric verification; risk-tier agents; increase unannounced agent audits. | T16: Q3 2026 | U16: In Progress
... A30: R-026 | B30: Enterprise-wide / Governance | C30: UK / Africa (multi-country) | D30: People / Skills | E30: Cybersecurity GRC skills gap and understaffing relative to the complexity of a multi-line, dual-jurisdiction risk profile. | F30: Small central GRC team supporting disproportionately broad scope; reliance on generalist IT staff at subsidiaries. | G30: 4 | H30: 3 | I30: =G30*H30 -> 12 | J30: =IF(I30>=16,"Critical",IF(I30>=10,"High",IF(I30>=5,"Medium","Low"))) -> High | K30: Central GRC function of limited size | L30: 3 | M30: 3 | N30: 3 | O30: =M30*N30 -> 9 | P30: =IF(O30>=16,"Critical",IF(O30>=10,"High",IF(O30>=5,"Medium","Low"))) -> Medium | Q30: NIST CSF 2.0 (GV.RR); ISO/IEC 27001 A.7 | R30: Group CISO / CHRO | S30: Build GRC staffing plan tied to risk register priorities; upskill subsidiary IT staff; consider co-sourcing specialist capability. | T30: Q3 2026 | U30: Open

Sheet Heat Map & Dashboard
A1: YXZ Cybersecurity GRC — Risk Heat Map & Dashboard
A2: Inherent risk positions (Likelihood x Impact) drawn live from the Risk Register tab
B4: Impact | C4: 1 | D4: 2 | E4: 3 | F4: 4 | G4: 5
B5: 5 | C5: =COUNTIFS('Risk Register'!$G$5:$G$30,1,'Risk Register'!$H$5:$H$30,5) -> 0 | D5: =COUNTIFS('Risk Register'!$G$5:$G$30,2,'Risk Register'!$H$5:$H$30,5) -> 0 | E5: =COUNTIFS('Risk Register'!$G$5:$G$30,3,'Risk Register'!$H$5:$H$30,5) -> 5 | F5: =COUNTIFS('Risk Register'!$G$5:$G$30,4,'Risk Register'!$H$5:$H$30,5) -> 4 | G5: =COUNTIFS('Risk Register'!$G$5:$G$30,5,'Risk Register'!$H$5:$H$30,5) -> 0
B6: 4 | C6: =COUNTIFS('Risk Register'!$G$5:$G$30,1,'Risk Register'!$H$5:$H$30,4) -> 0 | D6: =COUNTIFS('Risk Register'!$G$5:$G$30,2,'Risk Register'!$H$5:$H$30,4) -> 2 | E6: =COUNTIFS('Risk Register'!$G$5:$G$30,3,'Risk Register'!$H$5:$H$30,4) -> 6 | F6: =COUNTIFS('Risk Register'!$G$5:$G$30,4,'Risk Register'!$H$5:$H$30,4) -> 5 | G6: =COUNTIFS('Risk Register'!$G$5:$G$30,5,'Risk Register'!$H$5:$H$30,4) -> 1
B7: 3 | C7: =COUNTIFS('Risk Register'!$G$5:$G$30,1,'Risk Register'!$H$5:$H$30,3) -> 0 | D7: =COUNTIFS('Risk Register'!$G$5:$G$30,2,'Risk Register'!$H$5:$H$30,3) -> 0 | E7: =COUNTIFS('Risk Register'!$G$5:$G$30,3,'Risk Register'!$H$5:$H$30,3) -> 2 | F7: =COUNTIFS('Risk Register'!$G$5:$G$30,4,'Risk Register'!$H$5:$H$30,3) -> 1 | G7: =COUNTIFS('Risk Register'!$G$5:$G$30,5,'Risk Register'!$H$5:$H$30,3) -> 0
B8: 2 | C8: =COUNTIFS('Risk Register'!$G$5:$G$30,1,'Risk Register'!$H$5:$H$30,2) -> 0 | D8: =COUNTIFS('Risk Register'!$G$5:$G$30,2,'Risk Register'!$H$5:$H$30,2) -> 0 | E8: =COUNTIFS('Risk Register'!$G$5:$G$30,3,'Risk Register'!$H$5:$H$30,2) -> 0 | F8: =COUNTIFS('Risk Register'!$G$5:$G$30,4,'Risk Register'!$H$5:$H$30,2) -> 0 | G8: =COUNTIFS('Risk Register'!$G$5:$G$30,5,'Risk Register'!$H$5:$H$30,2) -> 0
B9: 1 | C9: =COUNTIFS('Risk Register'!$G$5:$G$30,1,'Risk Register'!$H$5:$H$30,1) -> 0 | D9: =COUNTIFS('Risk Register'!$G$5:$G$30,2,'Risk Register'!$H$5:$H$30,1) -> 0 | E9: =COUNTIFS('Risk Register'!$G$5:$G$30,3,'Risk Register'!$H$5:$H$30,1) -> 0 | F9: =COUNTIFS('Risk Register'!$G$5:$G$30,4,'Risk Register'!$H$5:$H$30,1) -> 0 | G9: =COUNTIFS('Risk Register'!$G$5:$G$30,5,'Risk Register'!$H$5:$H$30,1) -> 0
B10: (Grid cells show COUNT of risks; color = inherent rating band)
B12: Inherent Risk Rating | C12: Count | D12: Residual Risk Rating | E12: Count | G12: Service Line | H12: Open Risks
B13: Critical | C13: =COUNTIF('Risk Register'!$J$5:$J$30,"Critical") -> 10 | D13: Critical | E13: =COUNTIF('Risk Register'!$P$5:$P$30,"Critical") -> 0 | G13: General Banking | H13: =COUNTIF('Risk Register'!$B$5:$B$30,"General Banking") -> 8
B14: High | C14: =COUNTIF('Risk Register'!$J$5:$J$30,"High") -> 12 | D14: High | E14: =COUNTIF('Risk Register'!$P$5:$P$30,"High") -> 8 | G14: Fintech & Mobile Money | H14: =COUNTIF('Risk Register'!$B$5:$B$30,"Fintech & Mobile Money") -> 7
B15: Medium | C15: =COUNTIF('Risk Register'!$J$5:$J$30,"Medium") -> 4 | D15: Medium | E15: =COUNTIF('Risk Register'!$P$5:$P$30,"Medium") -> 14 | G15: Project & Shipping (Trade) Finance | H15: =COUNTIF('Risk Register'!$B$5:$B$30,"Project & Shipping (Trade) Finance") -> 5
B16: Low | C16: =COUNTIF('Risk Register'!$J$5:$J$30,"Low") -> 0 | D16: Low | E16: =COUNTIF('Risk Register'!$P$5:$P$30,"Low") -> 4 | G16: Enterprise-wide / Governance | H16: =COUNTIF('Risk Register'!$B$5:$B$30,"Enterprise-wide / Governance") -> 6

Sheet Legend & Methodology
A1: Legend, Scoring Methodology & Regulatory Reference
A3: Likelihood / Impact Scale (1-5)
A4: Score | B4: Likelihood Definition | C4: Impact Definition
A5: 1 | B5: Rare — not expected to occur (<5% annually) | C5: Negligible — minimal operational/financial/reputational effect
A6: 2 | B6: Unlikely — could occur infrequently | C6: Minor — limited, contained impact, no regulatory notice
A7: 3 | B7: Possible — may occur within the year | C7: Moderate — noticeable disruption, possible regulatory query
A8: 4 | B8: Likely — expected to occur within the year | C8: Major — significant financial loss, regulatory breach, media attention
A9: 5 | B9: Almost certain — expected multiple times per year | C9: Severe — systemic disruption, license/charter risk, material fines
A11: Risk Rating Bands (Likelihood x Impact)
A12: Score Range | B12: Rating | C12: Escalation / Review Cadence
A13: 16 - 25 | B13: Critical | C13: Board Risk Committee notification; monthly review until mitigated
A14: 10 - 15 | B14: High | C14: Group CISO / Exec Risk Committee review; quarterly reporting
A15: 5 - 9 | B15: Medium | C15: Business-unit risk owner review; semi-annual reporting
A16: 1 - 4 | B16: Low | C16: Monitored within business-as-usual controls; annual review
A18: Regulatory & Standards Reference Key
A19: Abbreviation | B19: Full Name / Scope
A20: FCA | B20: UK Financial Conduct Authority — conduct regulation of UK financial/payment services
A21: PRA | B21: UK Prudential Regulation Authority — prudential regulation of banks
A22: CBN | B22: Central Bank of Nigeria
A23: SARB | B23: South African Reserve Bank
A24: BOG | B24: Bank of Ghana
A25: GIABA | B25: Inter-Governmental Action Group against Money Laundering in West Africa (FATF-style regional body)
A26: ESAAMLG | B26: Eastern and Southern Africa Anti-Money Laundering Group (FATF-style regional body)
A27: FATF | B27: Financial Action Task Force — global AML/CFT standard setter
A28: PSD2 | B28: EU/UK Revised Payment Services Directive — Strong Customer Authentication requirements
A29: NIST CSF 2.0 | B29: US National Institute of Standards and Technology Cybersecurity Framework v2.0
A30: ISO/IEC 27001 | B30: International standard for information security management systems
... A34: RACI | B34: Responsible, Accountable, Consulted, Informed — governance accountability model
